{"stat.chestOpened":2,"stat.useItem.minecraft.painting":72,"stat.pickup.minecraft.redstone_torch":2,"stat.useItem.minecraft.stone":161,"stat.leaveGame":9,"stat.useItem.minecraft.diamond_sword":24,"stat.useItem.minecraft.carpet":120,"stat.useItem.minecraft.glowstone":48,"stat.jump":195,"stat.swimOneCm":9017,"stat.climbOneCm":4444,"stat.useItem.minecraft.planks":198,"stat.drop.minecraft.stone":1,"stat.crouchOneCm":6697,"stat.pickup.minecraft.rail":5,"stat.useItem.minecraft.obsidian":2,"stat.useItem.minecraft.dirt":75,"stat.pickup.minecraft.dirt":17,"stat.useItem.minecraft.diamond_hoe":2,"stat.useItem.minecraft.glass":5,"stat.useItem.minecraft.red_flower":2,"stat.useItem.minecraft.vine":38,"stat.useItem.minecraft.dark_oak_fence":41,"stat.useItem.minecraft.stone_brick_stairs":96,"stat.useItem.minecraft.end_crystal":1,"stat.pickup.minecraft.cobblestone":1,"stat.aviateOneCm":22360,"stat.pickup.minecraft.planks":1,"stat.flyOneCm":2729231,"stat.pickup.minecraft.wheat_seeds":2,"stat.killEntity.Villager":7,"stat.damageDealt":1440,"stat.timeSinceDeath":254474,"stat.useItem.minecraft.sign":3,"stat.drop.minecraft.log":1,"stat.useItem.minecraft.spawn_egg":14,"stat.useItem.minecraft.wooden_slab":670,"stat.walkOneCm":158593,"stat.useItem.minecraft.torch":5,"stat.drop.minecraft.rail":5,"stat.useItem.minecraft.chest":2,"stat.useItem.minecraft.hardened_clay":265,"stat.useItem.minecraft.log":499,"stat.useItem.minecraft.oak_stairs":53,"stat.useItem.minecraft.cobblestone":61,"stat.useItem.minecraft.gravel":19,"stat.pickup.minecraft.carpet":2,"stat.useItem.minecraft.dark_oak_stairs":8,"stat.drop.minecraft.red_flower":1,"stat.pickup.minecraft.log":1,"stat.drop.minecraft.stonebrick":1,"stat.useItem.minecraft.item_frame":10,"stat.useItem.minecraft.yellow_flower":1,"stat.useItem.minecraft.spruce_stairs":223,"stat.drop.minecraft.planks":1,"stat.pickup.minecraft.stone":1,"stat.useItem.minecraft.spruce_fence":31,"stat.useItem.minecraft.leaves":98,"stat.sprintOneCm":21028,"stat.useItem.minecraft.diamond_shovel":47,"stat.useItem.minecraft.stained_glass":1,"stat.useItem.minecraft.fence":61,"stat.pickup.minecraft.ladder":1,"stat.useItem.minecraft.stone_stairs":166,"stat.useItem.minecraft.glass_pane":3,"stat.useItem.minecraft.stone_slab":324,"stat.useItem.minecraft.wheat_seeds":6,"stat.mobKills":7,"stat.useItem.minecraft.stonebrick":363,"stat.useItem.minecraft.dye":28,"stat.useItem.minecraft.monster_egg":146,"stat.useItem.minecraft.cobblestone_wall":16,"stat.useItem.minecraft.spruce_door":2,"stat.drop":7,"stat.playOneMinute":254474,"stat.pickup.minecraft.torch":18,"stat.drop.minecraft.golden_rail":10,"stat.pickup.minecraft.red_flower":3,"stat.useItem.minecraft.ladder":2,"stat.sneakTime":11899,"stat.pickup.minecraft.golden_rail":10,"stat.diveOneCm":30974}