{"stat.chestOpened":1,"stat.useItem.minecraft.iron_bars":10,"stat.walkOneCm":38930,"stat.drop.minecraft.paper":1,"stat.useItem.minecraft.stone_slab":1,"stat.useItem.minecraft.sticky_piston":1,"stat.leaveGame":2,"stat.useItem.minecraft.observer":2,"stat.useItem.minecraft.stone_brick_stairs":1,"stat.useItem.minecraft.stonebrick":137,"stat.aviateOneCm":1033270,"stat.flyOneCm":314872,"stat.drop":1,"stat.jump":72,"stat.playOneMinute":33945,"stat.useItem.minecraft.planks":4,"stat.useItem.minecraft.redstone_block":3,"stat.sneakTime":1277,"stat.useItem.minecraft.piston":2,"stat.crouchOneCm":2544,"stat.timeSinceDeath":33945,"stat.hopperInspected":1,"stat.useItem.minecraft.obsidian":9,"stat.sprintOneCm":29335,"stat.useItem.minecraft.crafting_table":1,"stat.useItem.minecraft.spawn_egg":32,"stat.craftingTableInteraction":1}